"locus"	"group"
"1"	"sim39"	"GENE1"
"2"	"sim156"	"GENE2"
"3"	"sim555"	"GENE3"
"4"	"sim4689"	"GENE4"
"5"	"sim12270"	"GENE5"
"6"	"sim13393"	"GENE6"
"7"	"sim20377"	"GENE7"
"8"	"sim20431"	"GENE8"
"9"	"sim20448"	"GENE9"
"10"	"sim20453"	"GENE10"
"11"	"sim20460"	"GENE11"
"12"	"sim20576"	"GENE12"
"13"	"sim20595"	"GENE13"
"14"	"sim20681"	"GENE14"
"15"	"sim20735"	"GENE15"
"16"	"sim20758"	"GENE16"
"17"	"sim20808"	"GENE17"
"18"	"sim20878"	"GENE18"
"19"	"sim20945"	"GENE19"
"20"	"sim20976"	"GENE20"
"21"	"sim21042"	"GENE21"
"22"	"sim21185"	"GENE22"
"23"	"sim21270"	"GENE23"
"24"	"sim21790"	"GENE24"
"25"	"sim22419"	"GENE25"
"26"	"sim22949"	"GENE26"
"27"	"sim23480"	"GENE27"
"28"	"sim24850"	"GENE28"
"29"	"sim24856"	"GENE29"
"30"	"sim24880"	"GENE30"
"31"	"sim24888"	"GENE31"
"32"	"sim24891"	"GENE32"
"33"	"sim24900"	"GENE33"
"34"	"sim24906"	"GENE34"
"35"	"sim24911"	"GENE35"
"36"	"sim24936"	"GENE36"
"37"	"sim25002"	"GENE37"
"38"	"sim25006"	"GENE38"
"39"	"sim25016"	"GENE39"
"40"	"sim25019"	"GENE40"
"41"	"sim25029"	"GENE41"
"42"	"sim25039"	"GENE42"
"43"	"sim25055"	"GENE43"
"44"	"sim25061"	"GENE44"
"45"	"sim25075"	"GENE45"
"46"	"sim25083"	"GENE46"
"47"	"sim25090"	"GENE47"
"48"	"sim25095"	"GENE48"
"49"	"sim25097"	"GENE49"
"50"	"sim25108"	"GENE50"
"51"	"sim25116"	"GENE51"
"52"	"sim25123"	"GENE52"
"53"	"sim25125"	"GENE1"
"54"	"sim25133"	"GENE2"
"55"	"sim25139"	"GENE3"
"56"	"sim25144"	"GENE4"
"57"	"sim25147"	"GENE5"
"58"	"sim25154"	"GENE6"
"59"	"sim25166"	"GENE7"
"60"	"sim25172"	"GENE8"
"61"	"sim25177"	"GENE9"
"62"	"sim25179"	"GENE10"
"63"	"sim25181"	"GENE11"
"64"	"sim25185"	"GENE12"
"65"	"sim25200"	"GENE13"
"66"	"sim25219"	"GENE14"
"67"	"sim25223"	"GENE15"
"68"	"sim25232"	"GENE16"
"69"	"sim25237"	"GENE17"
"70"	"sim25250"	"GENE18"
"71"	"sim25260"	"GENE19"
"72"	"sim25262"	"GENE20"
"73"	"sim25264"	"GENE21"
"74"	"sim25287"	"GENE22"
"75"	"sim25291"	"GENE23"
"76"	"sim25297"	"GENE24"
"77"	"sim25301"	"GENE25"
"78"	"sim25302"	"GENE26"
"79"	"sim25344"	"GENE27"
"80"	"sim25357"	"GENE28"
"81"	"sim25359"	"GENE29"
"82"	"sim25367"	"GENE30"
"83"	"sim25372"	"GENE31"
"84"	"sim25407"	"GENE32"
"85"	"sim25417"	"GENE33"
"86"	"sim25418"	"GENE34"
"87"	"sim25419"	"GENE35"
"88"	"sim25448"	"GENE36"
"89"	"sim25449"	"GENE37"
"90"	"sim25463"	"GENE38"
"91"	"sim25493"	"GENE39"
"92"	"sim25499"	"GENE40"
"93"	"sim25510"	"GENE41"
"94"	"sim25514"	"GENE42"
"95"	"sim25541"	"GENE43"
"96"	"sim25548"	"GENE44"
"97"	"sim25610"	"GENE45"
"98"	"sim25615"	"GENE46"
"99"	"sim25629"	"GENE47"
"100"	"sim25662"	"GENE48"
"101"	"sim25673"	"GENE49"
"102"	"sim25681"	"GENE50"
"103"	"sim25692"	"GENE51"
"104"	"sim25696"	"GENE52"
"105"	"sim25732"	"GENE1"
"106"	"sim25754"	"GENE2"
"107"	"sim25756"	"GENE3"
"108"	"sim25758"	"GENE4"
"109"	"sim25774"	"GENE5"
"110"	"sim25778"	"GENE6"
"111"	"sim25783"	"GENE7"
"112"	"sim25792"	"GENE8"
"113"	"sim25797"	"GENE9"
"114"	"sim25806"	"GENE10"
"115"	"sim25833"	"GENE11"
"116"	"sim25844"	"GENE12"
"117"	"sim25856"	"GENE13"
"118"	"sim25885"	"GENE14"
"119"	"sim25905"	"GENE15"
"120"	"sim25927"	"GENE16"
"121"	"sim25939"	"GENE17"
"122"	"sim25982"	"GENE18"
"123"	"sim25984"	"GENE19"
"124"	"sim26000"	"GENE20"
"125"	"sim26109"	"GENE21"
"126"	"sim26122"	"GENE22"
"127"	"sim26153"	"GENE23"
"128"	"sim26198"	"GENE24"
"129"	"sim26298"	"GENE25"
"130"	"sim26410"	"GENE26"
"131"	"sim26586"	"GENE27"
"132"	"sim26681"	"GENE28"
"133"	"sim26733"	"GENE29"
"134"	"sim26823"	"GENE30"
"135"	"sim26827"	"GENE31"
"136"	"sim26939"	"GENE32"
"137"	"sim26940"	"GENE33"
"138"	"sim26986"	"GENE34"
"139"	"sim27014"	"GENE35"
"140"	"sim27056"	"GENE36"
"141"	"sim27119"	"GENE37"
"142"	"sim27174"	"GENE38"
"143"	"sim27909"	"GENE39"
"144"	"sim27967"	"GENE40"
"145"	"sim28047"	"GENE41"
"146"	"sim28716"	"GENE42"
"147"	"sim28797"	"GENE43"
"148"	"sim28927"	"GENE44"
"149"	"sim29737"	"GENE45"
"150"	"sim30253"	"GENE46"
"151"	"sim30258"	"GENE47"
"152"	"sim33210"	"GENE48"
"153"	"sim37731"	"GENE49"
"154"	"sim39937"	"GENE50"
"155"	"sim43438"	"GENE51"
"156"	"sim46158"	"GENE52"
"157"	"sim1"	"GENE53"
"158"	"sim2"	"GENE54"
"159"	"sim3"	"GENE55"
"160"	"sim4"	"GENE56"
"161"	"sim5"	"GENE57"
"162"	"sim6"	"GENE58"
"163"	"sim7"	"GENE59"
"164"	"sim8"	"GENE60"
"165"	"sim9"	"GENE61"
"166"	"sim10"	"GENE62"
"167"	"sim11"	"GENE63"
"168"	"sim12"	"GENE64"
"169"	"sim13"	"GENE65"
"170"	"sim14"	"GENE66"
"171"	"sim15"	"GENE67"
"172"	"sim16"	"GENE68"
"173"	"sim17"	"GENE69"
"174"	"sim18"	"GENE70"
"175"	"sim19"	"GENE71"
"176"	"sim20"	"GENE72"
"177"	"sim21"	"GENE73"
"178"	"sim22"	"GENE74"
"179"	"sim23"	"GENE75"
"180"	"sim24"	"GENE76"
"181"	"sim25"	"GENE77"
"182"	"sim26"	"GENE78"
"183"	"sim27"	"GENE79"
"184"	"sim28"	"GENE80"
"185"	"sim29"	"GENE81"
"186"	"sim30"	"GENE82"
"187"	"sim31"	"GENE83"
"188"	"sim32"	"GENE84"
"189"	"sim33"	"GENE85"
"190"	"sim34"	"GENE86"
"191"	"sim35"	"GENE87"
"192"	"sim36"	"GENE88"
"193"	"sim37"	"GENE89"
"194"	"sim38"	"GENE90"
"195"	"sim40"	"GENE91"
"196"	"sim41"	"GENE92"
"197"	"sim42"	"GENE93"
"198"	"sim43"	"GENE94"
"199"	"sim44"	"GENE95"
"200"	"sim45"	"GENE96"
"201"	"sim46"	"GENE97"
"202"	"sim47"	"GENE98"
"203"	"sim48"	"GENE99"
"204"	"sim49"	"GENE100"
"205"	"sim50"	"GENE101"
"206"	"sim51"	"GENE102"
"207"	"sim52"	"GENE103"
"208"	"sim53"	"GENE104"
"209"	"sim54"	"GENE105"
"210"	"sim55"	"GENE106"
"211"	"sim56"	"GENE107"
"212"	"sim57"	"GENE108"
"213"	"sim58"	"GENE109"
"214"	"sim59"	"GENE110"
"215"	"sim60"	"GENE111"
"216"	"sim61"	"GENE112"
"217"	"sim62"	"GENE113"
"218"	"sim63"	"GENE114"
"219"	"sim64"	"GENE115"
"220"	"sim65"	"GENE116"
"221"	"sim66"	"GENE117"
"222"	"sim67"	"GENE118"
"223"	"sim68"	"GENE119"
"224"	"sim69"	"GENE120"
"225"	"sim70"	"GENE121"
"226"	"sim71"	"GENE122"
"227"	"sim72"	"GENE123"
"228"	"sim73"	"GENE124"
"229"	"sim74"	"GENE125"
"230"	"sim75"	"GENE126"
"231"	"sim76"	"GENE127"
"232"	"sim77"	"GENE128"
"233"	"sim78"	"GENE129"
"234"	"sim79"	"GENE130"
"235"	"sim80"	"GENE131"
"236"	"sim81"	"GENE132"
"237"	"sim82"	"GENE133"
"238"	"sim83"	"GENE134"
"239"	"sim84"	"GENE135"
"240"	"sim85"	"GENE136"
"241"	"sim86"	"GENE137"
"242"	"sim87"	"GENE138"
"243"	"sim88"	"GENE139"
"244"	"sim89"	"GENE140"
"245"	"sim90"	"GENE141"
"246"	"sim91"	"GENE142"
"247"	"sim92"	"GENE143"
"248"	"sim93"	"GENE144"
"249"	"sim94"	"GENE145"
"250"	"sim95"	"GENE146"
"251"	"sim96"	"GENE147"
"252"	"sim97"	"GENE148"
"253"	"sim98"	"GENE149"
"254"	"sim99"	"GENE150"
"255"	"sim100"	"GENE151"
"256"	"sim101"	"GENE152"
"257"	"sim102"	"GENE153"
"258"	"sim104"	"GENE154"
"259"	"sim105"	"GENE155"
"260"	"sim106"	"GENE156"
"261"	"sim107"	"GENE157"
"262"	"sim110"	"GENE158"
"263"	"sim111"	"GENE159"
"264"	"sim112"	"GENE160"
"265"	"sim114"	"GENE161"
"266"	"sim116"	"GENE162"
"267"	"sim117"	"GENE163"
"268"	"sim118"	"GENE164"
"269"	"sim119"	"GENE165"
"270"	"sim120"	"GENE166"
"271"	"sim121"	"GENE167"
"272"	"sim122"	"GENE168"
"273"	"sim123"	"GENE169"
"274"	"sim124"	"GENE170"
"275"	"sim125"	"GENE171"
"276"	"sim126"	"GENE172"
"277"	"sim127"	"GENE173"
"278"	"sim128"	"GENE174"
"279"	"sim129"	"GENE175"
"280"	"sim130"	"GENE176"
"281"	"sim131"	"GENE177"
"282"	"sim132"	"GENE178"
"283"	"sim133"	"GENE179"
"284"	"sim134"	"GENE180"
"285"	"sim135"	"GENE181"
"286"	"sim136"	"GENE182"
"287"	"sim138"	"GENE183"
"288"	"sim139"	"GENE184"
"289"	"sim140"	"GENE185"
"290"	"sim141"	"GENE186"
"291"	"sim143"	"GENE187"
"292"	"sim144"	"GENE188"
"293"	"sim145"	"GENE189"
"294"	"sim146"	"GENE190"
"295"	"sim150"	"GENE191"
"296"	"sim151"	"GENE192"
"297"	"sim152"	"GENE193"
"298"	"sim155"	"GENE194"
"299"	"sim158"	"GENE195"
"300"	"sim159"	"GENE196"
"301"	"sim160"	"GENE197"
"302"	"sim163"	"GENE198"
"303"	"sim164"	"GENE199"
"304"	"sim165"	"GENE200"
"305"	"sim167"	"GENE201"
"306"	"sim169"	"GENE202"
"307"	"sim170"	"GENE203"
"308"	"sim172"	"GENE204"
"309"	"sim173"	"GENE205"
"310"	"sim174"	"GENE206"
"311"	"sim177"	"GENE207"
"312"	"sim178"	"GENE208"
"313"	"sim179"	"GENE209"
"314"	"sim186"	"GENE210"
"315"	"sim188"	"GENE211"
"316"	"sim189"	"GENE212"
"317"	"sim192"	"GENE213"
"318"	"sim195"	"GENE214"
"319"	"sim202"	"GENE215"
"320"	"sim205"	"GENE216"
"321"	"sim217"	"GENE217"
"322"	"sim218"	"GENE218"
"323"	"sim219"	"GENE219"
"324"	"sim224"	"GENE220"
"325"	"sim227"	"GENE221"
"326"	"sim228"	"GENE222"
"327"	"sim230"	"GENE223"
"328"	"sim234"	"GENE224"
"329"	"sim239"	"GENE225"
"330"	"sim241"	"GENE226"
"331"	"sim246"	"GENE227"
"332"	"sim251"	"GENE228"
"333"	"sim252"	"GENE229"
"334"	"sim260"	"GENE230"
"335"	"sim262"	"GENE231"
"336"	"sim264"	"GENE232"
"337"	"sim266"	"GENE233"
"338"	"sim267"	"GENE234"
"339"	"sim274"	"GENE235"
"340"	"sim278"	"GENE236"
"341"	"sim281"	"GENE237"
"342"	"sim284"	"GENE238"
"343"	"sim291"	"GENE239"
"344"	"sim292"	"GENE240"
"345"	"sim293"	"GENE241"
"346"	"sim299"	"GENE242"
"347"	"sim303"	"GENE243"
"348"	"sim306"	"GENE244"
"349"	"sim307"	"GENE245"
"350"	"sim314"	"GENE246"
"351"	"sim315"	"GENE247"
"352"	"sim317"	"GENE248"
"353"	"sim322"	"GENE249"
"354"	"sim326"	"GENE250"
"355"	"sim328"	"GENE251"
"356"	"sim333"	"GENE252"
"357"	"sim334"	"GENE253"
"358"	"sim338"	"GENE254"
"359"	"sim339"	"GENE255"
"360"	"sim343"	"GENE256"
"361"	"sim345"	"GENE257"
"362"	"sim346"	"GENE258"
"363"	"sim353"	"GENE259"
"364"	"sim354"	"GENE260"
"365"	"sim357"	"GENE261"
"366"	"sim361"	"GENE262"
"367"	"sim365"	"GENE263"
"368"	"sim366"	"GENE264"
"369"	"sim368"	"GENE265"
"370"	"sim378"	"GENE266"
"371"	"sim381"	"GENE267"
"372"	"sim387"	"GENE268"
"373"	"sim388"	"GENE269"
"374"	"sim393"	"GENE270"
"375"	"sim396"	"GENE271"
"376"	"sim399"	"GENE272"
"377"	"sim400"	"GENE273"
"378"	"sim401"	"GENE274"
"379"	"sim406"	"GENE275"
"380"	"sim407"	"GENE276"
"381"	"sim423"	"GENE277"
"382"	"sim429"	"GENE278"
"383"	"sim440"	"GENE279"
"384"	"sim441"	"GENE280"
"385"	"sim446"	"GENE281"
"386"	"sim448"	"GENE282"
"387"	"sim457"	"GENE283"
"388"	"sim458"	"GENE284"
"389"	"sim460"	"GENE285"
"390"	"sim467"	"GENE286"
"391"	"sim474"	"GENE287"
"392"	"sim480"	"GENE288"
"393"	"sim482"	"GENE289"
"394"	"sim484"	"GENE290"
"395"	"sim488"	"GENE291"
"396"	"sim511"	"GENE292"
"397"	"sim547"	"GENE293"
"398"	"sim580"	"GENE294"
"399"	"sim644"	"GENE295"
"400"	"sim665"	"GENE296"
"401"	"sim669"	"GENE297"
"402"	"sim688"	"GENE298"
"403"	"sim692"	"GENE299"
"404"	"sim700"	"GENE300"
"405"	"sim717"	"GENE301"
"406"	"sim719"	"GENE302"
"407"	"sim736"	"GENE303"
"408"	"sim748"	"GENE304"
"409"	"sim769"	"GENE305"
"410"	"sim770"	"GENE306"
"411"	"sim771"	"GENE307"
"412"	"sim772"	"GENE308"
"413"	"sim778"	"GENE309"
"414"	"sim795"	"GENE310"
"415"	"sim805"	"GENE311"
"416"	"sim807"	"GENE312"
"417"	"sim809"	"GENE313"
"418"	"sim823"	"GENE314"
"419"	"sim824"	"GENE315"
"420"	"sim826"	"GENE316"
"421"	"sim832"	"GENE317"
"422"	"sim840"	"GENE318"
"423"	"sim841"	"GENE319"
"424"	"sim873"	"GENE320"
"425"	"sim883"	"GENE321"
"426"	"sim889"	"GENE322"
"427"	"sim925"	"GENE323"
"428"	"sim939"	"GENE324"
"429"	"sim958"	"GENE325"
"430"	"sim964"	"GENE326"
"431"	"sim972"	"GENE327"
"432"	"sim977"	"GENE328"
"433"	"sim983"	"GENE329"
"434"	"sim986"	"GENE330"
"435"	"sim992"	"GENE331"
"436"	"sim1027"	"GENE332"
"437"	"sim1038"	"GENE333"
"438"	"sim1073"	"GENE334"
"439"	"sim1102"	"GENE335"
"440"	"sim1127"	"GENE336"
"441"	"sim1136"	"GENE337"
"442"	"sim1151"	"GENE338"
"443"	"sim1152"	"GENE339"
"444"	"sim1184"	"GENE340"
"445"	"sim1187"	"GENE341"
"446"	"sim1215"	"GENE342"
"447"	"sim1231"	"GENE343"
"448"	"sim1291"	"GENE344"
"449"	"sim1342"	"GENE345"
"450"	"sim1448"	"GENE346"
"451"	"sim1521"	"GENE347"
"452"	"sim1525"	"GENE348"
"453"	"sim1595"	"GENE349"
"454"	"sim1629"	"GENE350"
"455"	"sim1690"	"GENE351"
"456"	"sim1700"	"GENE352"
"457"	"sim1817"	"GENE353"
"458"	"sim1832"	"GENE354"
"459"	"sim1870"	"GENE355"
"460"	"sim1891"	"GENE356"
"461"	"sim1947"	"GENE357"
"462"	"sim2005"	"GENE358"
"463"	"sim2090"	"GENE359"
"464"	"sim2161"	"GENE360"
"465"	"sim2181"	"GENE361"
"466"	"sim2206"	"GENE362"
"467"	"sim2288"	"GENE363"
"468"	"sim2324"	"GENE364"
"469"	"sim2376"	"GENE365"
"470"	"sim2385"	"GENE366"
"471"	"sim2397"	"GENE367"
"472"	"sim2497"	"GENE368"
"473"	"sim2619"	"GENE369"
"474"	"sim2673"	"GENE370"
"475"	"sim2770"	"GENE371"
"476"	"sim2904"	"GENE372"
"477"	"sim2964"	"GENE373"
"478"	"sim3246"	"GENE374"
"479"	"sim3325"	"GENE375"
"480"	"sim3483"	"GENE376"
"481"	"sim3661"	"GENE377"
"482"	"sim3681"	"GENE378"
"483"	"sim3762"	"GENE379"
"484"	"sim3797"	"GENE380"
"485"	"sim4114"	"GENE381"
"486"	"sim4273"	"GENE382"
"487"	"sim4278"	"GENE383"
"488"	"sim4520"	"GENE384"
"489"	"sim4618"	"GENE385"
"490"	"sim5115"	"GENE386"
"491"	"sim5184"	"GENE387"
"492"	"sim5321"	"GENE388"
"493"	"sim5349"	"GENE389"
"494"	"sim5486"	"GENE390"
"495"	"sim5500"	"GENE391"
"496"	"sim6305"	"GENE392"
"497"	"sim6308"	"GENE393"
"498"	"sim6419"	"GENE394"
"499"	"sim6437"	"GENE395"
"500"	"sim6473"	"GENE396"
"501"	"sim7084"	"GENE397"
"502"	"sim7408"	"GENE398"
"503"	"sim7478"	"GENE399"
"504"	"sim8397"	"GENE400"
"505"	"sim9433"	"GENE401"
"506"	"sim9603"	"GENE402"
"507"	"sim9665"	"GENE403"
"508"	"sim9840"	"GENE404"
"509"	"sim9845"	"GENE405"
"510"	"sim9855"	"GENE406"
"511"	"sim10221"	"GENE407"
"512"	"sim10269"	"GENE408"
"513"	"sim10356"	"GENE409"
"514"	"sim10778"	"GENE410"
"515"	"sim11637"	"GENE411"
"516"	"sim11751"	"GENE412"
"517"	"sim11882"	"GENE413"
"518"	"sim12182"	"GENE414"
"519"	"sim12894"	"GENE415"
"520"	"sim12916"	"GENE416"
"521"	"sim12940"	"GENE417"
"522"	"sim13694"	"GENE418"
"523"	"sim14000"	"GENE419"
"524"	"sim14120"	"GENE420"
"525"	"sim14126"	"GENE421"
"526"	"sim14144"	"GENE422"
"527"	"sim14146"	"GENE423"
"528"	"sim14286"	"GENE424"
"529"	"sim14505"	"GENE425"
"530"	"sim14836"	"GENE426"
"531"	"sim17043"	"GENE427"
"532"	"sim17280"	"GENE428"
"533"	"sim18812"	"GENE429"
"534"	"sim19477"	"GENE430"
"535"	"sim19720"	"GENE431"
"536"	"sim20029"	"GENE432"
"537"	"sim20369"	"GENE433"
"538"	"sim20370"	"GENE434"
"539"	"sim20371"	"GENE435"
"540"	"sim20372"	"GENE436"
"541"	"sim20373"	"GENE437"
"542"	"sim20374"	"GENE438"
"543"	"sim20375"	"GENE439"
"544"	"sim20376"	"GENE440"
"545"	"sim20378"	"GENE441"
"546"	"sim20379"	"GENE442"
"547"	"sim20380"	"GENE443"
"548"	"sim20381"	"GENE444"
"549"	"sim20383"	"GENE445"
"550"	"sim20384"	"GENE446"
"551"	"sim20385"	"GENE447"
"552"	"sim20386"	"GENE448"
"553"	"sim20387"	"GENE449"
"554"	"sim20388"	"GENE450"
"555"	"sim20389"	"GENE451"
"556"	"sim20390"	"GENE452"
"557"	"sim20391"	"GENE453"
"558"	"sim20392"	"GENE454"
"559"	"sim20393"	"GENE455"
"560"	"sim20394"	"GENE456"
"561"	"sim20395"	"GENE457"
"562"	"sim20396"	"GENE458"
"563"	"sim20397"	"GENE459"
"564"	"sim20398"	"GENE460"
"565"	"sim20399"	"GENE461"
"566"	"sim20400"	"GENE462"
"567"	"sim20401"	"GENE463"
"568"	"sim20402"	"GENE464"
"569"	"sim20403"	"GENE465"
"570"	"sim20405"	"GENE466"
"571"	"sim20406"	"GENE467"
"572"	"sim20407"	"GENE468"
"573"	"sim20409"	"GENE469"
"574"	"sim20410"	"GENE470"
"575"	"sim20411"	"GENE471"
"576"	"sim20412"	"GENE472"
"577"	"sim20413"	"GENE473"
"578"	"sim20414"	"GENE474"
"579"	"sim20415"	"GENE475"
"580"	"sim20416"	"GENE476"
"581"	"sim20417"	"GENE477"
"582"	"sim20418"	"GENE478"
"583"	"sim20419"	"GENE479"
"584"	"sim20420"	"GENE480"
"585"	"sim20421"	"GENE481"
"586"	"sim20422"	"GENE482"
"587"	"sim20423"	"GENE483"
"588"	"sim20424"	"GENE484"
"589"	"sim20425"	"GENE485"
"590"	"sim20426"	"GENE486"
"591"	"sim20427"	"GENE487"
"592"	"sim20428"	"GENE488"
"593"	"sim20429"	"GENE489"
"594"	"sim20430"	"GENE490"
"595"	"sim20432"	"GENE491"
"596"	"sim20433"	"GENE492"
"597"	"sim20434"	"GENE493"
"598"	"sim20435"	"GENE494"
"599"	"sim20436"	"GENE495"
"600"	"sim20437"	"GENE496"
"601"	"sim20438"	"GENE497"
"602"	"sim20439"	"GENE498"
"603"	"sim20440"	"GENE499"
"604"	"sim20441"	"GENE500"
"605"	"sim20442"	"GENE501"
"606"	"sim20443"	"GENE502"
"607"	"sim20444"	"GENE503"
"608"	"sim20445"	"GENE504"
"609"	"sim20446"	"GENE505"
"610"	"sim20447"	"GENE506"
"611"	"sim20449"	"GENE507"
"612"	"sim20450"	"GENE508"
"613"	"sim20451"	"GENE509"
"614"	"sim20452"	"GENE510"
"615"	"sim20454"	"GENE511"
"616"	"sim20455"	"GENE512"
"617"	"sim20456"	"GENE513"
"618"	"sim20457"	"GENE514"
"619"	"sim20458"	"GENE515"
"620"	"sim20459"	"GENE516"
"621"	"sim20461"	"GENE517"
"622"	"sim20462"	"GENE518"
"623"	"sim20463"	"GENE519"
"624"	"sim20464"	"GENE520"
"625"	"sim20465"	"GENE521"
"626"	"sim20466"	"GENE522"
"627"	"sim20467"	"GENE523"
"628"	"sim20468"	"GENE524"
"629"	"sim20469"	"GENE525"
"630"	"sim20470"	"GENE526"
"631"	"sim20471"	"GENE527"
"632"	"sim20472"	"GENE528"
"633"	"sim20473"	"GENE529"
"634"	"sim20474"	"GENE530"
"635"	"sim20475"	"GENE531"
"636"	"sim20476"	"GENE532"
"637"	"sim20478"	"GENE533"
"638"	"sim20479"	"GENE534"
"639"	"sim20480"	"GENE535"
"640"	"sim20481"	"GENE536"
"641"	"sim20482"	"GENE537"
"642"	"sim20483"	"GENE538"
"643"	"sim20484"	"GENE539"
"644"	"sim20485"	"GENE540"
"645"	"sim20486"	"GENE541"
"646"	"sim20487"	"GENE542"
"647"	"sim20488"	"GENE543"
"648"	"sim20489"	"GENE544"
"649"	"sim20490"	"GENE545"
"650"	"sim20491"	"GENE546"
"651"	"sim20492"	"GENE547"
"652"	"sim20493"	"GENE548"
"653"	"sim20494"	"GENE549"
"654"	"sim20495"	"GENE550"
"655"	"sim20496"	"GENE551"
"656"	"sim20497"	"GENE552"
"657"	"sim20498"	"GENE553"
"658"	"sim20499"	"GENE554"
"659"	"sim20500"	"GENE555"
"660"	"sim20501"	"GENE556"
"661"	"sim20502"	"GENE557"
"662"	"sim20503"	"GENE558"
"663"	"sim20504"	"GENE559"
"664"	"sim20505"	"GENE560"
"665"	"sim20506"	"GENE561"
"666"	"sim20507"	"GENE562"
"667"	"sim20508"	"GENE563"
"668"	"sim20509"	"GENE564"
"669"	"sim20510"	"GENE565"
"670"	"sim20511"	"GENE566"
"671"	"sim20512"	"GENE567"
"672"	"sim20513"	"GENE568"
"673"	"sim20514"	"GENE569"
"674"	"sim20515"	"GENE570"
"675"	"sim20516"	"GENE571"
"676"	"sim20517"	"GENE572"
"677"	"sim20518"	"GENE573"
"678"	"sim20519"	"GENE574"
"679"	"sim20520"	"GENE575"
"680"	"sim20521"	"GENE576"
"681"	"sim20522"	"GENE577"
"682"	"sim20523"	"GENE578"
"683"	"sim20524"	"GENE579"
"684"	"sim20525"	"GENE580"
"685"	"sim20527"	"GENE581"
"686"	"sim20528"	"GENE582"
"687"	"sim20529"	"GENE583"
"688"	"sim20530"	"GENE584"
"689"	"sim20531"	"GENE585"
"690"	"sim20532"	"GENE586"
"691"	"sim20533"	"GENE587"
"692"	"sim20534"	"GENE588"
"693"	"sim20535"	"GENE589"
"694"	"sim20536"	"GENE590"
"695"	"sim20537"	"GENE591"
"696"	"sim20538"	"GENE592"
"697"	"sim20539"	"GENE593"
"698"	"sim20540"	"GENE594"
"699"	"sim20541"	"GENE595"
"700"	"sim20542"	"GENE596"
"701"	"sim20543"	"GENE597"
"702"	"sim20544"	"GENE598"
"703"	"sim20545"	"GENE599"
"704"	"sim20546"	"GENE600"
"705"	"sim20547"	"GENE601"
"706"	"sim20548"	"GENE602"
"707"	"sim20549"	"GENE603"
"708"	"sim20550"	"GENE604"
"709"	"sim20551"	"GENE605"
"710"	"sim20552"	"GENE606"
"711"	"sim20553"	"GENE607"
"712"	"sim20554"	"GENE608"
"713"	"sim20555"	"GENE609"
"714"	"sim20556"	"GENE610"
"715"	"sim20557"	"GENE611"
"716"	"sim20559"	"GENE612"
"717"	"sim20560"	"GENE613"
"718"	"sim20561"	"GENE614"
"719"	"sim20562"	"GENE615"
"720"	"sim20563"	"GENE616"
"721"	"sim20564"	"GENE617"
"722"	"sim20567"	"GENE618"
"723"	"sim20568"	"GENE619"
"724"	"sim20569"	"GENE620"
"725"	"sim20570"	"GENE621"
"726"	"sim20571"	"GENE622"
"727"	"sim20572"	"GENE623"
"728"	"sim20573"	"GENE624"
"729"	"sim20574"	"GENE625"
"730"	"sim20575"	"GENE626"
"731"	"sim20577"	"GENE627"
"732"	"sim20579"	"GENE628"
"733"	"sim20580"	"GENE629"
"734"	"sim20581"	"GENE630"
"735"	"sim20582"	"GENE631"
"736"	"sim20583"	"GENE632"
"737"	"sim20584"	"GENE633"
"738"	"sim20585"	"GENE634"
"739"	"sim20586"	"GENE635"
"740"	"sim20587"	"GENE636"
"741"	"sim20588"	"GENE637"
"742"	"sim20589"	"GENE638"
"743"	"sim20590"	"GENE639"
"744"	"sim20591"	"GENE640"
"745"	"sim20592"	"GENE641"
"746"	"sim20593"	"GENE642"
"747"	"sim20594"	"GENE643"
"748"	"sim20596"	"GENE644"
"749"	"sim20597"	"GENE645"
"750"	"sim20598"	"GENE646"
"751"	"sim20599"	"GENE647"
"752"	"sim20600"	"GENE648"
"753"	"sim20601"	"GENE649"
"754"	"sim20602"	"GENE650"
"755"	"sim20603"	"GENE651"
"756"	"sim20604"	"GENE652"
"757"	"sim20605"	"GENE653"
"758"	"sim20606"	"GENE654"
"759"	"sim20607"	"GENE655"
"760"	"sim20608"	"GENE656"
"761"	"sim20609"	"GENE657"
"762"	"sim20610"	"GENE658"
"763"	"sim20611"	"GENE659"
"764"	"sim20612"	"GENE660"
"765"	"sim20613"	"GENE661"
"766"	"sim20614"	"GENE662"
"767"	"sim20615"	"GENE663"
"768"	"sim20616"	"GENE664"
"769"	"sim20617"	"GENE665"
"770"	"sim20618"	"GENE666"
"771"	"sim20619"	"GENE667"
"772"	"sim20620"	"GENE668"
"773"	"sim20621"	"GENE669"
"774"	"sim20622"	"GENE670"
"775"	"sim20623"	"GENE671"
"776"	"sim20624"	"GENE672"
"777"	"sim20625"	"GENE673"
"778"	"sim20626"	"GENE674"
"779"	"sim20627"	"GENE675"
"780"	"sim20628"	"GENE676"
"781"	"sim20629"	"GENE677"
"782"	"sim20630"	"GENE678"
"783"	"sim20631"	"GENE679"
"784"	"sim20632"	"GENE680"
"785"	"sim20633"	"GENE681"
"786"	"sim20634"	"GENE682"
"787"	"sim20635"	"GENE683"
"788"	"sim20636"	"GENE684"
"789"	"sim20637"	"GENE685"
"790"	"sim20638"	"GENE686"
"791"	"sim20639"	"GENE687"
"792"	"sim20640"	"GENE688"
"793"	"sim20641"	"GENE689"
"794"	"sim20643"	"GENE690"
"795"	"sim20644"	"GENE691"
"796"	"sim20645"	"GENE692"
"797"	"sim20646"	"GENE693"
"798"	"sim20647"	"GENE694"
"799"	"sim20649"	"GENE695"
"800"	"sim20650"	"GENE696"
"801"	"sim20651"	"GENE697"
"802"	"sim20652"	"GENE698"
"803"	"sim20653"	"GENE699"
"804"	"sim20654"	"GENE700"
"805"	"sim20655"	"GENE701"
"806"	"sim20656"	"GENE702"
"807"	"sim20657"	"GENE703"
"808"	"sim20658"	"GENE704"
"809"	"sim20659"	"GENE705"
"810"	"sim20660"	"GENE706"
"811"	"sim20661"	"GENE707"
"812"	"sim20662"	"GENE708"
"813"	"sim20663"	"GENE709"
"814"	"sim20664"	"GENE710"
"815"	"sim20665"	"GENE711"
"816"	"sim20666"	"GENE712"
"817"	"sim20667"	"GENE713"
"818"	"sim20668"	"GENE714"
"819"	"sim20669"	"GENE715"
"820"	"sim20670"	"GENE716"
"821"	"sim20671"	"GENE717"
"822"	"sim20672"	"GENE718"
"823"	"sim20673"	"GENE719"
"824"	"sim20674"	"GENE720"
"825"	"sim20675"	"GENE721"
"826"	"sim20676"	"GENE722"
"827"	"sim20677"	"GENE723"
"828"	"sim20678"	"GENE724"
"829"	"sim20679"	"GENE725"
"830"	"sim20680"	"GENE726"
"831"	"sim20682"	"GENE727"
"832"	"sim20683"	"GENE728"
"833"	"sim20684"	"GENE729"
"834"	"sim20685"	"GENE730"
"835"	"sim20686"	"GENE731"
"836"	"sim20687"	"GENE732"
"837"	"sim20688"	"GENE733"
"838"	"sim20689"	"GENE734"
"839"	"sim20690"	"GENE735"
"840"	"sim20691"	"GENE736"
"841"	"sim20692"	"GENE737"
"842"	"sim20693"	"GENE738"
"843"	"sim20694"	"GENE739"
"844"	"sim20695"	"GENE740"
"845"	"sim20696"	"GENE741"
"846"	"sim20697"	"GENE742"
"847"	"sim20698"	"GENE743"
"848"	"sim20699"	"GENE744"
"849"	"sim20700"	"GENE745"
"850"	"sim20701"	"GENE746"
"851"	"sim20702"	"GENE747"
"852"	"sim20703"	"GENE748"
"853"	"sim20705"	"GENE749"
"854"	"sim20706"	"GENE750"
"855"	"sim20707"	"GENE751"
"856"	"sim20708"	"GENE752"
"857"	"sim20709"	"GENE753"
"858"	"sim20710"	"GENE754"
"859"	"sim20711"	"GENE755"
"860"	"sim20712"	"GENE756"
"861"	"sim20713"	"GENE757"
"862"	"sim20714"	"GENE53"
"863"	"sim20715"	"GENE54"
"864"	"sim20716"	"GENE55"
"865"	"sim20717"	"GENE56"
"866"	"sim20718"	"GENE57"
"867"	"sim20719"	"GENE58"
"868"	"sim20720"	"GENE59"
"869"	"sim20721"	"GENE60"
"870"	"sim20722"	"GENE61"
"871"	"sim20723"	"GENE62"
"872"	"sim20724"	"GENE63"
"873"	"sim20725"	"GENE64"
"874"	"sim20726"	"GENE65"
"875"	"sim20727"	"GENE66"
"876"	"sim20728"	"GENE67"
"877"	"sim20729"	"GENE68"
"878"	"sim20730"	"GENE69"
"879"	"sim20731"	"GENE70"
"880"	"sim20732"	"GENE71"
"881"	"sim20733"	"GENE72"
"882"	"sim20734"	"GENE73"
"883"	"sim20736"	"GENE74"
"884"	"sim20737"	"GENE75"
"885"	"sim20738"	"GENE76"
"886"	"sim20739"	"GENE77"
"887"	"sim20740"	"GENE78"
"888"	"sim20741"	"GENE79"
"889"	"sim20742"	"GENE80"
"890"	"sim20744"	"GENE81"
"891"	"sim20745"	"GENE82"
"892"	"sim20746"	"GENE83"
"893"	"sim20747"	"GENE84"
"894"	"sim20748"	"GENE85"
"895"	"sim20749"	"GENE86"
"896"	"sim20750"	"GENE87"
"897"	"sim20751"	"GENE88"
"898"	"sim20752"	"GENE89"
"899"	"sim20753"	"GENE90"
"900"	"sim20754"	"GENE91"
"901"	"sim20755"	"GENE92"
"902"	"sim20756"	"GENE93"
"903"	"sim20757"	"GENE94"
"904"	"sim20760"	"GENE95"
"905"	"sim20761"	"GENE96"
"906"	"sim20762"	"GENE97"
"907"	"sim20763"	"GENE98"
"908"	"sim20765"	"GENE99"
"909"	"sim20766"	"GENE100"
"910"	"sim20767"	"GENE101"
"911"	"sim20768"	"GENE102"
"912"	"sim20769"	"GENE103"
"913"	"sim20770"	"GENE104"
"914"	"sim20771"	"GENE105"
"915"	"sim20772"	"GENE106"
"916"	"sim20773"	"GENE107"
"917"	"sim20774"	"GENE108"
"918"	"sim20775"	"GENE109"
"919"	"sim20776"	"GENE110"
"920"	"sim20777"	"GENE111"
"921"	"sim20778"	"GENE112"
"922"	"sim20779"	"GENE113"
"923"	"sim20780"	"GENE114"
"924"	"sim20782"	"GENE115"
"925"	"sim20783"	"GENE116"
"926"	"sim20784"	"GENE117"
"927"	"sim20785"	"GENE118"
"928"	"sim20786"	"GENE119"
"929"	"sim20788"	"GENE120"
"930"	"sim20789"	"GENE121"
"931"	"sim20790"	"GENE122"
"932"	"sim20791"	"GENE123"
"933"	"sim20792"	"GENE124"
"934"	"sim20793"	"GENE125"
"935"	"sim20794"	"GENE126"
"936"	"sim20795"	"GENE127"
"937"	"sim20796"	"GENE128"
"938"	"sim20798"	"GENE129"
"939"	"sim20799"	"GENE130"
"940"	"sim20800"	"GENE131"
"941"	"sim20801"	"GENE132"
"942"	"sim20802"	"GENE133"
"943"	"sim20803"	"GENE134"
"944"	"sim20804"	"GENE135"
"945"	"sim20805"	"GENE136"
"946"	"sim20806"	"GENE137"
"947"	"sim20809"	"GENE138"
"948"	"sim20810"	"GENE139"
"949"	"sim20811"	"GENE140"
"950"	"sim20812"	"GENE141"
"951"	"sim20813"	"GENE142"
"952"	"sim20814"	"GENE143"
"953"	"sim20816"	"GENE144"
"954"	"sim20818"	"GENE145"
"955"	"sim20820"	"GENE146"
"956"	"sim20821"	"GENE147"
"957"	"sim20822"	"GENE148"
"958"	"sim20823"	"GENE149"
"959"	"sim20824"	"GENE150"
"960"	"sim20825"	"GENE151"
"961"	"sim20826"	"GENE152"
"962"	"sim20827"	"GENE153"
"963"	"sim20828"	"GENE154"
"964"	"sim20829"	"GENE155"
"965"	"sim20830"	"GENE156"
"966"	"sim20832"	"GENE157"
"967"	"sim20833"	"GENE158"
"968"	"sim20834"	"GENE159"
"969"	"sim20835"	"GENE160"
"970"	"sim20837"	"GENE161"
"971"	"sim20839"	"GENE162"
"972"	"sim20840"	"GENE163"
"973"	"sim20841"	"GENE164"
"974"	"sim20842"	"GENE165"
"975"	"sim20843"	"GENE166"
"976"	"sim20845"	"GENE167"
"977"	"sim20846"	"GENE168"
"978"	"sim20847"	"GENE169"
"979"	"sim20848"	"GENE170"
"980"	"sim20849"	"GENE171"
"981"	"sim20850"	"GENE172"
"982"	"sim20852"	"GENE173"
"983"	"sim20853"	"GENE174"
"984"	"sim20854"	"GENE175"
"985"	"sim20855"	"GENE176"
"986"	"sim20856"	"GENE177"
"987"	"sim20858"	"GENE178"
"988"	"sim20860"	"GENE179"
"989"	"sim20861"	"GENE180"
"990"	"sim20862"	"GENE181"
"991"	"sim20864"	"GENE182"
"992"	"sim20865"	"GENE183"
"993"	"sim20866"	"GENE184"
"994"	"sim20867"	"GENE185"
"995"	"sim20868"	"GENE186"
"996"	"sim20869"	"GENE187"
"997"	"sim20870"	"GENE188"
"998"	"sim20871"	"GENE189"
"999"	"sim20874"	"GENE190"
"1000"	"sim20875"	"GENE191"
"1001"	"sim20877"	"GENE192"
"1002"	"sim20879"	"GENE193"
"1003"	"sim20880"	"GENE194"
"1004"	"sim20881"	"GENE195"
"1005"	"sim20882"	"GENE196"
"1006"	"sim20883"	"GENE197"
"1007"	"sim20885"	"GENE198"
"1008"	"sim20887"	"GENE199"
"1009"	"sim20888"	"GENE200"
"1010"	"sim20890"	"GENE201"
"1011"	"sim20891"	"GENE202"
"1012"	"sim20892"	"GENE203"
"1013"	"sim20893"	"GENE204"
"1014"	"sim20897"	"GENE205"
"1015"	"sim20899"	"GENE206"
"1016"	"sim20902"	"GENE207"
"1017"	"sim20904"	"GENE208"
"1018"	"sim20905"	"GENE209"
"1019"	"sim20906"	"GENE210"
"1020"	"sim20908"	"GENE211"
"1021"	"sim20909"	"GENE212"
"1022"	"sim20910"	"GENE213"
"1023"	"sim20912"	"GENE214"
"1024"	"sim20913"	"GENE215"
"1025"	"sim20914"	"GENE216"
"1026"	"sim20916"	"GENE217"
"1027"	"sim20917"	"GENE218"
"1028"	"sim20918"	"GENE219"
"1029"	"sim20920"	"GENE220"
"1030"	"sim20921"	"GENE221"
"1031"	"sim20922"	"GENE222"
"1032"	"sim20924"	"GENE223"
"1033"	"sim20925"	"GENE224"
"1034"	"sim20926"	"GENE225"
"1035"	"sim20927"	"GENE226"
"1036"	"sim20930"	"GENE227"
"1037"	"sim20931"	"GENE228"
"1038"	"sim20932"	"GENE229"
"1039"	"sim20933"	"GENE230"
"1040"	"sim20934"	"GENE231"
"1041"	"sim20935"	"GENE232"
"1042"	"sim20936"	"GENE233"
"1043"	"sim20937"	"GENE234"
"1044"	"sim20938"	"GENE235"
"1045"	"sim20940"	"GENE236"
"1046"	"sim20941"	"GENE237"
"1047"	"sim20944"	"GENE238"
"1048"	"sim20946"	"GENE239"
"1049"	"sim20947"	"GENE240"
"1050"	"sim20949"	"GENE241"
"1051"	"sim20950"	"GENE242"
"1052"	"sim20951"	"GENE243"
"1053"	"sim20952"	"GENE244"
"1054"	"sim20953"	"GENE245"
"1055"	"sim20954"	"GENE246"
"1056"	"sim20955"	"GENE247"
"1057"	"sim20957"	"GENE248"
"1058"	"sim20959"	"GENE249"
"1059"	"sim20960"	"GENE250"
"1060"	"sim20962"	"GENE251"
"1061"	"sim20964"	"GENE252"
"1062"	"sim20965"	"GENE253"
"1063"	"sim20966"	"GENE254"
"1064"	"sim20967"	"GENE255"
"1065"	"sim20971"	"GENE256"
"1066"	"sim20972"	"GENE257"
"1067"	"sim20973"	"GENE258"
"1068"	"sim20975"	"GENE259"
"1069"	"sim20977"	"GENE260"
"1070"	"sim20979"	"GENE261"
"1071"	"sim20980"	"GENE262"
"1072"	"sim20981"	"GENE263"
"1073"	"sim20984"	"GENE264"
"1074"	"sim20989"	"GENE265"
"1075"	"sim20991"	"GENE266"
"1076"	"sim20993"	"GENE267"
"1077"	"sim20994"	"GENE268"
"1078"	"sim20997"	"GENE269"
"1079"	"sim20998"	"GENE270"
"1080"	"sim21001"	"GENE271"
"1081"	"sim21003"	"GENE272"
"1082"	"sim21009"	"GENE273"
"1083"	"sim21011"	"GENE274"
"1084"	"sim21012"	"GENE275"
"1085"	"sim21013"	"GENE276"
"1086"	"sim21015"	"GENE277"
"1087"	"sim21016"	"GENE278"
"1088"	"sim21017"	"GENE279"
"1089"	"sim21019"	"GENE280"
"1090"	"sim21023"	"GENE281"
"1091"	"sim21024"	"GENE282"
"1092"	"sim21026"	"GENE283"
"1093"	"sim21030"	"GENE284"
"1094"	"sim21031"	"GENE285"
"1095"	"sim21035"	"GENE286"
"1096"	"sim21036"	"GENE287"
"1097"	"sim21037"	"GENE288"
"1098"	"sim21041"	"GENE289"
"1099"	"sim21043"	"GENE290"
"1100"	"sim21044"	"GENE291"
"1101"	"sim21045"	"GENE292"
"1102"	"sim21046"	"GENE293"
"1103"	"sim21047"	"GENE294"
"1104"	"sim21049"	"GENE295"
"1105"	"sim21051"	"GENE296"
"1106"	"sim21054"	"GENE297"
"1107"	"sim21056"	"GENE298"
"1108"	"sim21058"	"GENE299"
"1109"	"sim21059"	"GENE300"
"1110"	"sim21060"	"GENE301"
"1111"	"sim21062"	"GENE302"
"1112"	"sim21063"	"GENE303"
"1113"	"sim21064"	"GENE304"
"1114"	"sim21065"	"GENE305"
"1115"	"sim21067"	"GENE306"
"1116"	"sim21068"	"GENE307"
"1117"	"sim21069"	"GENE308"
"1118"	"sim21071"	"GENE309"
"1119"	"sim21072"	"GENE310"
"1120"	"sim21077"	"GENE311"
"1121"	"sim21079"	"GENE312"
"1122"	"sim21080"	"GENE313"
"1123"	"sim21082"	"GENE314"
"1124"	"sim21084"	"GENE315"
"1125"	"sim21085"	"GENE316"
"1126"	"sim21086"	"GENE317"
"1127"	"sim21088"	"GENE318"
"1128"	"sim21089"	"GENE319"
"1129"	"sim21090"	"GENE320"
"1130"	"sim21093"	"GENE321"
"1131"	"sim21094"	"GENE322"
"1132"	"sim21095"	"GENE323"
"1133"	"sim21096"	"GENE324"
"1134"	"sim21097"	"GENE325"
"1135"	"sim21099"	"GENE326"
"1136"	"sim21100"	"GENE327"
"1137"	"sim21101"	"GENE328"
"1138"	"sim21102"	"GENE329"
"1139"	"sim21103"	"GENE330"
"1140"	"sim21104"	"GENE331"
"1141"	"sim21105"	"GENE332"
"1142"	"sim21107"	"GENE333"
"1143"	"sim21110"	"GENE334"
"1144"	"sim21111"	"GENE335"
"1145"	"sim21112"	"GENE336"
"1146"	"sim21114"	"GENE337"
"1147"	"sim21119"	"GENE338"
"1148"	"sim21122"	"GENE339"
"1149"	"sim21125"	"GENE340"
"1150"	"sim21127"	"GENE341"
"1151"	"sim21129"	"GENE342"
"1152"	"sim21130"	"GENE343"
"1153"	"sim21131"	"GENE344"
"1154"	"sim21133"	"GENE345"
"1155"	"sim21134"	"GENE346"
"1156"	"sim21137"	"GENE347"
"1157"	"sim21140"	"GENE348"
"1158"	"sim21141"	"GENE349"
"1159"	"sim21142"	"GENE350"
"1160"	"sim21143"	"GENE351"
"1161"	"sim21144"	"GENE352"
"1162"	"sim21148"	"GENE353"
"1163"	"sim21149"	"GENE354"
"1164"	"sim21152"	"GENE355"
"1165"	"sim21153"	"GENE356"
"1166"	"sim21154"	"GENE357"
"1167"	"sim21156"	"GENE358"
"1168"	"sim21162"	"GENE359"
"1169"	"sim21164"	"GENE360"
"1170"	"sim21166"	"GENE361"
"1171"	"sim21167"	"GENE362"
"1172"	"sim21170"	"GENE363"
"1173"	"sim21173"	"GENE364"
"1174"	"sim21176"	"GENE365"
"1175"	"sim21178"	"GENE366"
"1176"	"sim21179"	"GENE367"
"1177"	"sim21182"	"GENE368"
"1178"	"sim21183"	"GENE369"
"1179"	"sim21184"	"GENE370"
"1180"	"sim21190"	"GENE371"
"1181"	"sim21191"	"GENE372"
"1182"	"sim21193"	"GENE373"
"1183"	"sim21194"	"GENE374"
"1184"	"sim21195"	"GENE375"
"1185"	"sim21197"	"GENE376"
"1186"	"sim21199"	"GENE377"
"1187"	"sim21200"	"GENE378"
"1188"	"sim21204"	"GENE379"
"1189"	"sim21205"	"GENE380"
"1190"	"sim21207"	"GENE381"
"1191"	"sim21210"	"GENE382"
"1192"	"sim21214"	"GENE383"
"1193"	"sim21216"	"GENE384"
"1194"	"sim21218"	"GENE385"
"1195"	"sim21221"	"GENE386"
"1196"	"sim21230"	"GENE387"
"1197"	"sim21231"	"GENE388"
"1198"	"sim21235"	"GENE389"
"1199"	"sim21238"	"GENE390"
"1200"	"sim21239"	"GENE391"
"1201"	"sim21241"	"GENE392"
"1202"	"sim21242"	"GENE393"
"1203"	"sim21243"	"GENE394"
"1204"	"sim21247"	"GENE395"
"1205"	"sim21249"	"GENE396"
"1206"	"sim21254"	"GENE397"
"1207"	"sim21258"	"GENE398"
"1208"	"sim21267"	"GENE399"
"1209"	"sim21273"	"GENE400"
"1210"	"sim21278"	"GENE401"
"1211"	"sim21280"	"GENE402"
"1212"	"sim21282"	"GENE403"
"1213"	"sim21286"	"GENE404"
"1214"	"sim21292"	"GENE405"
"1215"	"sim21293"	"GENE406"
"1216"	"sim21295"	"GENE407"
"1217"	"sim21298"	"GENE408"
"1218"	"sim21303"	"GENE409"
"1219"	"sim21307"	"GENE410"
"1220"	"sim21311"	"GENE411"
"1221"	"sim21312"	"GENE412"
"1222"	"sim21318"	"GENE413"
"1223"	"sim21333"	"GENE414"
"1224"	"sim21345"	"GENE415"
"1225"	"sim21346"	"GENE416"
"1226"	"sim21349"	"GENE417"
"1227"	"sim21354"	"GENE418"
"1228"	"sim21355"	"GENE419"
"1229"	"sim21359"	"GENE420"
"1230"	"sim21360"	"GENE421"
"1231"	"sim21361"	"GENE422"
"1232"	"sim21362"	"GENE423"
"1233"	"sim21369"	"GENE424"
"1234"	"sim21371"	"GENE425"
"1235"	"sim21373"	"GENE426"
"1236"	"sim21378"	"GENE427"
"1237"	"sim21380"	"GENE428"
"1238"	"sim21384"	"GENE429"
"1239"	"sim21388"	"GENE430"
"1240"	"sim21390"	"GENE431"
"1241"	"sim21404"	"GENE432"
"1242"	"sim21405"	"GENE433"
"1243"	"sim21409"	"GENE434"
"1244"	"sim21411"	"GENE435"
"1245"	"sim21416"	"GENE436"
"1246"	"sim21426"	"GENE437"
"1247"	"sim21427"	"GENE438"
"1248"	"sim21429"	"GENE439"
"1249"	"sim21432"	"GENE440"
"1250"	"sim21434"	"GENE441"
"1251"	"sim21435"	"GENE442"
"1252"	"sim21437"	"GENE443"
"1253"	"sim21441"	"GENE444"
"1254"	"sim21445"	"GENE445"
"1255"	"sim21461"	"GENE446"
"1256"	"sim21472"	"GENE447"
"1257"	"sim21474"	"GENE448"
"1258"	"sim21480"	"GENE449"
"1259"	"sim21483"	"GENE450"
"1260"	"sim21486"	"GENE451"
"1261"	"sim21496"	"GENE452"
"1262"	"sim21509"	"GENE453"
"1263"	"sim21513"	"GENE454"
"1264"	"sim21516"	"GENE455"
"1265"	"sim21519"	"GENE456"
"1266"	"sim21520"	"GENE457"
"1267"	"sim21521"	"GENE458"
"1268"	"sim21526"	"GENE459"
"1269"	"sim21531"	"GENE460"
"1270"	"sim21541"	"GENE461"
"1271"	"sim21552"	"GENE462"
"1272"	"sim21555"	"GENE463"
"1273"	"sim21559"	"GENE464"
"1274"	"sim21571"	"GENE465"
"1275"	"sim21574"	"GENE466"
"1276"	"sim21575"	"GENE467"
"1277"	"sim21582"	"GENE468"
"1278"	"sim21583"	"GENE469"
"1279"	"sim21588"	"GENE470"
"1280"	"sim21607"	"GENE471"
"1281"	"sim21669"	"GENE472"
"1282"	"sim21674"	"GENE473"
"1283"	"sim21685"	"GENE474"
"1284"	"sim21688"	"GENE475"
"1285"	"sim21690"	"GENE476"
"1286"	"sim21701"	"GENE477"
"1287"	"sim21711"	"GENE478"
"1288"	"sim21722"	"GENE479"
"1289"	"sim21730"	"GENE480"
"1290"	"sim21738"	"GENE481"
"1291"	"sim21777"	"GENE482"
"1292"	"sim21810"	"GENE483"
"1293"	"sim21812"	"GENE484"
"1294"	"sim21820"	"GENE485"
"1295"	"sim21821"	"GENE486"
"1296"	"sim21841"	"GENE487"
"1297"	"sim21846"	"GENE488"
"1298"	"sim21857"	"GENE489"
"1299"	"sim21881"	"GENE490"
"1300"	"sim21889"	"GENE491"
"1301"	"sim21894"	"GENE492"
"1302"	"sim21900"	"GENE493"
"1303"	"sim21907"	"GENE494"
"1304"	"sim21919"	"GENE495"
"1305"	"sim21940"	"GENE496"
"1306"	"sim21945"	"GENE497"
"1307"	"sim21954"	"GENE498"
"1308"	"sim21961"	"GENE499"
"1309"	"sim21972"	"GENE500"
"1310"	"sim21999"	"GENE501"
"1311"	"sim22004"	"GENE502"
"1312"	"sim22010"	"GENE503"
"1313"	"sim22029"	"GENE504"
"1314"	"sim22046"	"GENE505"
"1315"	"sim22049"	"GENE506"
"1316"	"sim22054"	"GENE507"
"1317"	"sim22057"	"GENE508"
"1318"	"sim22093"	"GENE509"
"1319"	"sim22154"	"GENE510"
"1320"	"sim22211"	"GENE511"
"1321"	"sim22224"	"GENE512"
"1322"	"sim22228"	"GENE513"
"1323"	"sim22229"	"GENE514"
"1324"	"sim22246"	"GENE515"
"1325"	"sim22255"	"GENE516"
"1326"	"sim22277"	"GENE517"
"1327"	"sim22395"	"GENE518"
"1328"	"sim22439"	"GENE519"
"1329"	"sim22479"	"GENE520"
"1330"	"sim22552"	"GENE521"
"1331"	"sim22576"	"GENE522"
"1332"	"sim22623"	"GENE523"
"1333"	"sim22650"	"GENE524"
"1334"	"sim22662"	"GENE525"
"1335"	"sim22674"	"GENE526"
"1336"	"sim22679"	"GENE527"
"1337"	"sim22698"	"GENE528"
"1338"	"sim22706"	"GENE529"
"1339"	"sim22709"	"GENE530"
"1340"	"sim22749"	"GENE531"
"1341"	"sim22813"	"GENE532"
"1342"	"sim22823"	"GENE533"
"1343"	"sim22845"	"GENE534"
"1344"	"sim22874"	"GENE535"
"1345"	"sim22898"	"GENE536"
"1346"	"sim22902"	"GENE537"
"1347"	"sim22905"	"GENE538"
"1348"	"sim22931"	"GENE539"
"1349"	"sim22939"	"GENE540"
"1350"	"sim22999"	"GENE541"
"1351"	"sim23006"	"GENE542"
"1352"	"sim23054"	"GENE543"
"1353"	"sim23078"	"GENE544"
"1354"	"sim23105"	"GENE545"
"1355"	"sim23113"	"GENE546"
"1356"	"sim23127"	"GENE547"
"1357"	"sim23150"	"GENE548"
"1358"	"sim23164"	"GENE549"
"1359"	"sim23185"	"GENE550"
"1360"	"sim23193"	"GENE551"
"1361"	"sim23199"	"GENE552"
"1362"	"sim23201"	"GENE553"
"1363"	"sim23302"	"GENE554"
"1364"	"sim23311"	"GENE555"
"1365"	"sim23315"	"GENE556"
"1366"	"sim23372"	"GENE557"
"1367"	"sim23379"	"GENE558"
"1368"	"sim23393"	"GENE559"
"1369"	"sim23412"	"GENE560"
"1370"	"sim23425"	"GENE561"
"1371"	"sim23435"	"GENE562"
"1372"	"sim23456"	"GENE563"
"1373"	"sim23495"	"GENE564"
"1374"	"sim23557"	"GENE565"
"1375"	"sim23602"	"GENE566"
"1376"	"sim23612"	"GENE567"
"1377"	"sim23621"	"GENE568"
"1378"	"sim23630"	"GENE569"
"1379"	"sim23656"	"GENE570"
"1380"	"sim23702"	"GENE571"
"1381"	"sim23794"	"GENE572"
"1382"	"sim23844"	"GENE573"
"1383"	"sim23862"	"GENE574"
"1384"	"sim23867"	"GENE575"
"1385"	"sim23897"	"GENE576"
"1386"	"sim23936"	"GENE577"
"1387"	"sim23971"	"GENE578"
"1388"	"sim24047"	"GENE579"
"1389"	"sim24081"	"GENE580"
"1390"	"sim24176"	"GENE581"
"1391"	"sim24202"	"GENE582"
"1392"	"sim24345"	"GENE583"
"1393"	"sim24455"	"GENE584"
"1394"	"sim24489"	"GENE585"
"1395"	"sim24515"	"GENE586"
"1396"	"sim24537"	"GENE587"
"1397"	"sim24615"	"GENE588"
"1398"	"sim24665"	"GENE589"
"1399"	"sim24677"	"GENE590"
"1400"	"sim24696"	"GENE591"
"1401"	"sim24713"	"GENE592"
"1402"	"sim24762"	"GENE593"
"1403"	"sim24806"	"GENE594"
"1404"	"sim24813"	"GENE595"
"1405"	"sim24814"	"GENE596"
"1406"	"sim24815"	"GENE597"
"1407"	"sim24816"	"GENE598"
"1408"	"sim24817"	"GENE599"
"1409"	"sim24818"	"GENE600"
"1410"	"sim24819"	"GENE601"
"1411"	"sim24820"	"GENE602"
"1412"	"sim24821"	"GENE603"
"1413"	"sim24822"	"GENE604"
"1414"	"sim24823"	"GENE605"
"1415"	"sim24824"	"GENE606"
"1416"	"sim24825"	"GENE607"
"1417"	"sim24826"	"GENE608"
"1418"	"sim24827"	"GENE609"
"1419"	"sim24828"	"GENE610"
"1420"	"sim24829"	"GENE611"
"1421"	"sim24830"	"GENE612"
"1422"	"sim24831"	"GENE613"
"1423"	"sim24832"	"GENE614"
"1424"	"sim24833"	"GENE615"
"1425"	"sim24834"	"GENE616"
"1426"	"sim24835"	"GENE617"
"1427"	"sim24836"	"GENE618"
"1428"	"sim24837"	"GENE619"
"1429"	"sim24838"	"GENE620"
"1430"	"sim24839"	"GENE621"
"1431"	"sim24840"	"GENE622"
"1432"	"sim24841"	"GENE623"
"1433"	"sim24842"	"GENE624"
"1434"	"sim24843"	"GENE625"
"1435"	"sim24844"	"GENE626"
"1436"	"sim24845"	"GENE627"
"1437"	"sim24846"	"GENE628"
"1438"	"sim24847"	"GENE629"
"1439"	"sim24848"	"GENE630"
"1440"	"sim24849"	"GENE631"
"1441"	"sim24851"	"GENE632"
"1442"	"sim24852"	"GENE633"
"1443"	"sim24853"	"GENE634"
"1444"	"sim24854"	"GENE635"
"1445"	"sim24855"	"GENE636"
"1446"	"sim24857"	"GENE637"
"1447"	"sim24858"	"GENE638"
"1448"	"sim24859"	"GENE639"
"1449"	"sim24860"	"GENE640"
"1450"	"sim24861"	"GENE641"
"1451"	"sim24862"	"GENE642"
"1452"	"sim24863"	"GENE643"
"1453"	"sim24864"	"GENE644"
"1454"	"sim24865"	"GENE645"
"1455"	"sim24866"	"GENE646"
"1456"	"sim24867"	"GENE647"
"1457"	"sim24868"	"GENE648"
"1458"	"sim24869"	"GENE649"
"1459"	"sim24870"	"GENE650"
"1460"	"sim24871"	"GENE651"
"1461"	"sim24872"	"GENE652"
"1462"	"sim24873"	"GENE653"
"1463"	"sim24874"	"GENE654"
"1464"	"sim24875"	"GENE655"
"1465"	"sim24876"	"GENE656"
"1466"	"sim24877"	"GENE657"
"1467"	"sim24878"	"GENE658"
"1468"	"sim24879"	"GENE659"
"1469"	"sim24881"	"GENE660"
"1470"	"sim24882"	"GENE661"
"1471"	"sim24883"	"GENE662"
"1472"	"sim24884"	"GENE663"
"1473"	"sim24885"	"GENE664"
"1474"	"sim24886"	"GENE665"
"1475"	"sim24887"	"GENE666"
"1476"	"sim24889"	"GENE667"
"1477"	"sim24890"	"GENE668"
"1478"	"sim24892"	"GENE669"
"1479"	"sim24893"	"GENE670"
"1480"	"sim24894"	"GENE671"
"1481"	"sim24895"	"GENE672"
"1482"	"sim24896"	"GENE673"
"1483"	"sim24897"	"GENE674"
"1484"	"sim24898"	"GENE675"
"1485"	"sim24899"	"GENE676"
"1486"	"sim24901"	"GENE677"
"1487"	"sim24902"	"GENE678"
"1488"	"sim24903"	"GENE679"
"1489"	"sim24904"	"GENE680"
"1490"	"sim24905"	"GENE681"
"1491"	"sim24907"	"GENE682"
"1492"	"sim24908"	"GENE683"
"1493"	"sim24909"	"GENE684"
"1494"	"sim24910"	"GENE685"
"1495"	"sim24912"	"GENE686"
"1496"	"sim24913"	"GENE687"
"1497"	"sim24914"	"GENE688"
"1498"	"sim24915"	"GENE689"
"1499"	"sim24916"	"GENE690"
"1500"	"sim24917"	"GENE691"
"1501"	"sim24918"	"GENE692"
"1502"	"sim24919"	"GENE693"
"1503"	"sim24920"	"GENE694"
"1504"	"sim24921"	"GENE695"
"1505"	"sim24922"	"GENE696"
"1506"	"sim24923"	"GENE697"
"1507"	"sim24924"	"GENE698"
"1508"	"sim24925"	"GENE699"
"1509"	"sim24926"	"GENE700"
"1510"	"sim24927"	"GENE701"
"1511"	"sim24928"	"GENE702"
"1512"	"sim24929"	"GENE703"
"1513"	"sim24930"	"GENE704"
"1514"	"sim24931"	"GENE705"
"1515"	"sim24932"	"GENE706"
"1516"	"sim24933"	"GENE707"
"1517"	"sim24934"	"GENE708"
"1518"	"sim24935"	"GENE709"
"1519"	"sim24937"	"GENE710"
"1520"	"sim24938"	"GENE711"
"1521"	"sim24939"	"GENE712"
"1522"	"sim24940"	"GENE713"
"1523"	"sim24941"	"GENE714"
"1524"	"sim24942"	"GENE715"
"1525"	"sim24943"	"GENE716"
"1526"	"sim24944"	"GENE717"
"1527"	"sim24945"	"GENE718"
"1528"	"sim24946"	"GENE719"
"1529"	"sim24947"	"GENE720"
"1530"	"sim24948"	"GENE721"
"1531"	"sim24949"	"GENE722"
"1532"	"sim24950"	"GENE723"
"1533"	"sim24951"	"GENE724"
"1534"	"sim24952"	"GENE725"
"1535"	"sim24954"	"GENE726"
"1536"	"sim24955"	"GENE727"
"1537"	"sim24956"	"GENE728"
"1538"	"sim24957"	"GENE729"
"1539"	"sim24958"	"GENE730"
"1540"	"sim24959"	"GENE731"
"1541"	"sim24960"	"GENE732"
"1542"	"sim24961"	"GENE733"
"1543"	"sim24962"	"GENE734"
"1544"	"sim24963"	"GENE735"
"1545"	"sim24964"	"GENE736"
"1546"	"sim24965"	"GENE737"
"1547"	"sim24966"	"GENE738"
"1548"	"sim24967"	"GENE739"
"1549"	"sim24968"	"GENE740"
"1550"	"sim24969"	"GENE741"
"1551"	"sim24970"	"GENE742"
"1552"	"sim24971"	"GENE743"
"1553"	"sim24972"	"GENE744"
"1554"	"sim24973"	"GENE745"
"1555"	"sim24974"	"GENE746"
"1556"	"sim24975"	"GENE747"
"1557"	"sim24976"	"GENE748"
"1558"	"sim24977"	"GENE749"
"1559"	"sim24978"	"GENE750"
"1560"	"sim24979"	"GENE751"
"1561"	"sim24980"	"GENE752"
"1562"	"sim24981"	"GENE753"
"1563"	"sim24982"	"GENE754"
"1564"	"sim24983"	"GENE755"
"1565"	"sim24984"	"GENE756"
"1566"	"sim24985"	"GENE757"
"1567"	"sim24986"	"GENE53"
"1568"	"sim24987"	"GENE54"
"1569"	"sim24988"	"GENE55"
"1570"	"sim24989"	"GENE56"
"1571"	"sim24990"	"GENE57"
"1572"	"sim24991"	"GENE58"
"1573"	"sim24992"	"GENE59"
"1574"	"sim24993"	"GENE60"
"1575"	"sim24994"	"GENE61"
"1576"	"sim24995"	"GENE62"
"1577"	"sim24996"	"GENE63"
"1578"	"sim24997"	"GENE64"
"1579"	"sim24998"	"GENE65"
"1580"	"sim24999"	"GENE66"
"1581"	"sim25000"	"GENE67"
"1582"	"sim25001"	"GENE68"
"1583"	"sim25003"	"GENE69"
"1584"	"sim25004"	"GENE70"
"1585"	"sim25005"	"GENE71"
"1586"	"sim25007"	"GENE72"
"1587"	"sim25008"	"GENE73"
"1588"	"sim25009"	"GENE74"
"1589"	"sim25010"	"GENE75"
"1590"	"sim25011"	"GENE76"
"1591"	"sim25012"	"GENE77"
"1592"	"sim25013"	"GENE78"
"1593"	"sim25014"	"GENE79"
"1594"	"sim25015"	"GENE80"
"1595"	"sim25017"	"GENE81"
"1596"	"sim25018"	"GENE82"
"1597"	"sim25020"	"GENE83"
"1598"	"sim25021"	"GENE84"
"1599"	"sim25022"	"GENE85"
"1600"	"sim25023"	"GENE86"
"1601"	"sim25024"	"GENE87"
"1602"	"sim25025"	"GENE88"
"1603"	"sim25026"	"GENE89"
"1604"	"sim25027"	"GENE90"
"1605"	"sim25028"	"GENE91"
"1606"	"sim25030"	"GENE92"
"1607"	"sim25031"	"GENE93"
"1608"	"sim25032"	"GENE94"
"1609"	"sim25033"	"GENE95"
"1610"	"sim25034"	"GENE96"
"1611"	"sim25035"	"GENE97"
"1612"	"sim25036"	"GENE98"
"1613"	"sim25037"	"GENE99"
"1614"	"sim25038"	"GENE100"
"1615"	"sim25040"	"GENE101"
"1616"	"sim25041"	"GENE102"
"1617"	"sim25042"	"GENE103"
"1618"	"sim25043"	"GENE104"
"1619"	"sim25044"	"GENE105"
"1620"	"sim25045"	"GENE106"
"1621"	"sim25046"	"GENE107"
"1622"	"sim25047"	"GENE108"
"1623"	"sim25048"	"GENE109"
"1624"	"sim25049"	"GENE110"
"1625"	"sim25050"	"GENE111"
"1626"	"sim25051"	"GENE112"
"1627"	"sim25052"	"GENE113"
"1628"	"sim25053"	"GENE114"
"1629"	"sim25054"	"GENE115"
"1630"	"sim25056"	"GENE116"
"1631"	"sim25057"	"GENE117"
"1632"	"sim25058"	"GENE118"
"1633"	"sim25059"	"GENE119"
"1634"	"sim25060"	"GENE120"
"1635"	"sim25062"	"GENE121"
"1636"	"sim25063"	"GENE122"
"1637"	"sim25064"	"GENE123"
"1638"	"sim25065"	"GENE124"
"1639"	"sim25066"	"GENE125"
"1640"	"sim25067"	"GENE126"
"1641"	"sim25068"	"GENE127"
"1642"	"sim25069"	"GENE128"
"1643"	"sim25070"	"GENE129"
"1644"	"sim25071"	"GENE130"
"1645"	"sim25072"	"GENE131"
"1646"	"sim25073"	"GENE132"
"1647"	"sim25074"	"GENE133"
"1648"	"sim25076"	"GENE134"
"1649"	"sim25077"	"GENE135"
"1650"	"sim25078"	"GENE136"
"1651"	"sim25079"	"GENE137"
"1652"	"sim25080"	"GENE138"
"1653"	"sim25081"	"GENE139"
"1654"	"sim25082"	"GENE140"
"1655"	"sim25084"	"GENE141"
"1656"	"sim25085"	"GENE142"
"1657"	"sim25086"	"GENE143"
"1658"	"sim25087"	"GENE144"
"1659"	"sim25088"	"GENE145"
"1660"	"sim25089"	"GENE146"
"1661"	"sim25091"	"GENE147"
"1662"	"sim25092"	"GENE148"
"1663"	"sim25093"	"GENE149"
"1664"	"sim25094"	"GENE150"
"1665"	"sim25096"	"GENE151"
"1666"	"sim25098"	"GENE152"
"1667"	"sim25099"	"GENE153"
"1668"	"sim25100"	"GENE154"
"1669"	"sim25101"	"GENE155"
"1670"	"sim25102"	"GENE156"
"1671"	"sim25103"	"GENE157"
"1672"	"sim25104"	"GENE158"
"1673"	"sim25105"	"GENE159"
"1674"	"sim25106"	"GENE160"
"1675"	"sim25107"	"GENE161"
"1676"	"sim25109"	"GENE162"
"1677"	"sim25110"	"GENE163"
"1678"	"sim25111"	"GENE164"
"1679"	"sim25112"	"GENE165"
"1680"	"sim25113"	"GENE166"
"1681"	"sim25114"	"GENE167"
"1682"	"sim25115"	"GENE168"
"1683"	"sim25117"	"GENE169"
"1684"	"sim25118"	"GENE170"
"1685"	"sim25119"	"GENE171"
"1686"	"sim25120"	"GENE172"
"1687"	"sim25121"	"GENE173"
"1688"	"sim25122"	"GENE174"
"1689"	"sim25124"	"GENE175"
"1690"	"sim25126"	"GENE176"
"1691"	"sim25127"	"GENE177"
"1692"	"sim25128"	"GENE178"
"1693"	"sim25129"	"GENE179"
"1694"	"sim25130"	"GENE180"
"1695"	"sim25131"	"GENE181"
"1696"	"sim25132"	"GENE182"
"1697"	"sim25134"	"GENE183"
"1698"	"sim25135"	"GENE184"
"1699"	"sim25136"	"GENE185"
"1700"	"sim25137"	"GENE186"
"1701"	"sim25138"	"GENE187"
"1702"	"sim25140"	"GENE188"
"1703"	"sim25141"	"GENE189"
"1704"	"sim25142"	"GENE190"
"1705"	"sim25143"	"GENE191"
"1706"	"sim25145"	"GENE192"
"1707"	"sim25146"	"GENE193"
"1708"	"sim25148"	"GENE194"
"1709"	"sim25149"	"GENE195"
"1710"	"sim25150"	"GENE196"
"1711"	"sim25151"	"GENE197"
"1712"	"sim25152"	"GENE198"
"1713"	"sim25153"	"GENE199"
"1714"	"sim25155"	"GENE200"
"1715"	"sim25156"	"GENE201"
"1716"	"sim25157"	"GENE202"
"1717"	"sim25158"	"GENE203"
"1718"	"sim25159"	"GENE204"
"1719"	"sim25160"	"GENE205"
"1720"	"sim25161"	"GENE206"
"1721"	"sim25162"	"GENE207"
"1722"	"sim25163"	"GENE208"
"1723"	"sim25164"	"GENE209"
"1724"	"sim25165"	"GENE210"
"1725"	"sim25167"	"GENE211"
"1726"	"sim25168"	"GENE212"
"1727"	"sim25169"	"GENE213"
"1728"	"sim25170"	"GENE214"
"1729"	"sim25171"	"GENE215"
"1730"	"sim25173"	"GENE216"
"1731"	"sim25174"	"GENE217"
"1732"	"sim25175"	"GENE218"
"1733"	"sim25176"	"GENE219"
"1734"	"sim25178"	"GENE220"
"1735"	"sim25180"	"GENE221"
"1736"	"sim25182"	"GENE222"
"1737"	"sim25183"	"GENE223"
"1738"	"sim25184"	"GENE224"
"1739"	"sim25186"	"GENE225"
"1740"	"sim25187"	"GENE226"
"1741"	"sim25188"	"GENE227"
"1742"	"sim25189"	"GENE228"
"1743"	"sim25190"	"GENE229"
"1744"	"sim25191"	"GENE230"
"1745"	"sim25192"	"GENE231"
"1746"	"sim25193"	"GENE232"
"1747"	"sim25194"	"GENE233"
"1748"	"sim25195"	"GENE234"
"1749"	"sim25196"	"GENE235"
"1750"	"sim25197"	"GENE236"
"1751"	"sim25198"	"GENE237"
"1752"	"sim25199"	"GENE238"
"1753"	"sim25201"	"GENE239"
"1754"	"sim25202"	"GENE240"
"1755"	"sim25203"	"GENE241"
"1756"	"sim25204"	"GENE242"
"1757"	"sim25205"	"GENE243"
"1758"	"sim25206"	"GENE244"
"1759"	"sim25207"	"GENE245"
"1760"	"sim25208"	"GENE246"
"1761"	"sim25209"	"GENE247"
"1762"	"sim25210"	"GENE248"
"1763"	"sim25211"	"GENE249"
"1764"	"sim25212"	"GENE250"
"1765"	"sim25213"	"GENE251"
"1766"	"sim25214"	"GENE252"
"1767"	"sim25215"	"GENE253"
"1768"	"sim25216"	"GENE254"
"1769"	"sim25217"	"GENE255"
"1770"	"sim25218"	"GENE256"
"1771"	"sim25220"	"GENE257"
"1772"	"sim25221"	"GENE258"
"1773"	"sim25222"	"GENE259"
"1774"	"sim25224"	"GENE260"
"1775"	"sim25225"	"GENE261"
"1776"	"sim25226"	"GENE262"
"1777"	"sim25227"	"GENE263"
"1778"	"sim25229"	"GENE264"
"1779"	"sim25230"	"GENE265"
"1780"	"sim25233"	"GENE266"
"1781"	"sim25234"	"GENE267"
"1782"	"sim25235"	"GENE268"
"1783"	"sim25238"	"GENE269"
"1784"	"sim25239"	"GENE270"
"1785"	"sim25240"	"GENE271"
"1786"	"sim25241"	"GENE272"
"1787"	"sim25243"	"GENE273"
"1788"	"sim25245"	"GENE274"
"1789"	"sim25246"	"GENE275"
"1790"	"sim25247"	"GENE276"
"1791"	"sim25248"	"GENE277"
"1792"	"sim25249"	"GENE278"
"1793"	"sim25251"	"GENE279"
"1794"	"sim25252"	"GENE280"
"1795"	"sim25253"	"GENE281"
"1796"	"sim25254"	"GENE282"
"1797"	"sim25255"	"GENE283"
"1798"	"sim25256"	"GENE284"
"1799"	"sim25257"	"GENE285"
"1800"	"sim25258"	"GENE286"
"1801"	"sim25259"	"GENE287"
"1802"	"sim25261"	"GENE288"
"1803"	"sim25263"	"GENE289"
"1804"	"sim25265"	"GENE290"
"1805"	"sim25266"	"GENE291"
"1806"	"sim25267"	"GENE292"
"1807"	"sim25268"	"GENE293"
"1808"	"sim25269"	"GENE294"
"1809"	"sim25273"	"GENE295"
"1810"	"sim25274"	"GENE296"
"1811"	"sim25275"	"GENE297"
"1812"	"sim25276"	"GENE298"
"1813"	"sim25277"	"GENE299"
"1814"	"sim25278"	"GENE300"
"1815"	"sim25279"	"GENE301"
"1816"	"sim25280"	"GENE302"
"1817"	"sim25281"	"GENE303"
"1818"	"sim25282"	"GENE304"
"1819"	"sim25283"	"GENE305"
"1820"	"sim25285"	"GENE306"
"1821"	"sim25286"	"GENE307"
"1822"	"sim25288"	"GENE308"
"1823"	"sim25289"	"GENE309"
"1824"	"sim25292"	"GENE310"
"1825"	"sim25293"	"GENE311"
"1826"	"sim25294"	"GENE312"
"1827"	"sim25295"	"GENE313"
"1828"	"sim25296"	"GENE314"
"1829"	"sim25298"	"GENE315"
"1830"	"sim25303"	"GENE316"
"1831"	"sim25304"	"GENE317"
"1832"	"sim25306"	"GENE318"
"1833"	"sim25307"	"GENE319"
"1834"	"sim25309"	"GENE320"
"1835"	"sim25310"	"GENE321"
"1836"	"sim25311"	"GENE322"
"1837"	"sim25312"	"GENE323"
"1838"	"sim25313"	"GENE324"
"1839"	"sim25314"	"GENE325"
"1840"	"sim25315"	"GENE326"
"1841"	"sim25316"	"GENE327"
"1842"	"sim25319"	"GENE328"
"1843"	"sim25321"	"GENE329"
"1844"	"sim25323"	"GENE330"
"1845"	"sim25324"	"GENE331"
"1846"	"sim25325"	"GENE332"
"1847"	"sim25327"	"GENE333"
"1848"	"sim25328"	"GENE334"
"1849"	"sim25329"	"GENE335"
"1850"	"sim25331"	"GENE336"
"1851"	"sim25332"	"GENE337"
"1852"	"sim25334"	"GENE338"
"1853"	"sim25336"	"GENE339"
"1854"	"sim25337"	"GENE340"
"1855"	"sim25338"	"GENE341"
"1856"	"sim25339"	"GENE342"
"1857"	"sim25340"	"GENE343"
"1858"	"sim25341"	"GENE344"
"1859"	"sim25342"	"GENE345"
"1860"	"sim25343"	"GENE346"
"1861"	"sim25346"	"GENE347"
"1862"	"sim25347"	"GENE348"
"1863"	"sim25349"	"GENE349"
"1864"	"sim25352"	"GENE350"
"1865"	"sim25353"	"GENE351"
"1866"	"sim25354"	"GENE352"
"1867"	"sim25355"	"GENE353"
"1868"	"sim25356"	"GENE354"
"1869"	"sim25358"	"GENE355"
"1870"	"sim25360"	"GENE356"
"1871"	"sim25361"	"GENE357"
"1872"	"sim25362"	"GENE358"
"1873"	"sim25365"	"GENE359"
"1874"	"sim25366"	"GENE360"
"1875"	"sim25369"	"GENE361"
"1876"	"sim25370"	"GENE362"
"1877"	"sim25371"	"GENE363"
"1878"	"sim25373"	"GENE364"
"1879"	"sim25374"	"GENE365"
"1880"	"sim25375"	"GENE366"
"1881"	"sim25376"	"GENE367"
"1882"	"sim25377"	"GENE368"
"1883"	"sim25379"	"GENE369"
"1884"	"sim25381"	"GENE370"
"1885"	"sim25382"	"GENE371"
"1886"	"sim25383"	"GENE372"
"1887"	"sim25384"	"GENE373"
"1888"	"sim25385"	"GENE374"
"1889"	"sim25386"	"GENE375"
"1890"	"sim25387"	"GENE376"
"1891"	"sim25388"	"GENE377"
"1892"	"sim25389"	"GENE378"
"1893"	"sim25390"	"GENE379"
"1894"	"sim25391"	"GENE380"
"1895"	"sim25392"	"GENE381"
"1896"	"sim25393"	"GENE382"
"1897"	"sim25394"	"GENE383"
"1898"	"sim25399"	"GENE384"
"1899"	"sim25401"	"GENE385"
"1900"	"sim25402"	"GENE386"
"1901"	"sim25406"	"GENE387"
"1902"	"sim25408"	"GENE388"
"1903"	"sim25415"	"GENE389"
"1904"	"sim25420"	"GENE390"
"1905"	"sim25422"	"GENE391"
"1906"	"sim25423"	"GENE392"
"1907"	"sim25424"	"GENE393"
"1908"	"sim25426"	"GENE394"
"1909"	"sim25427"	"GENE395"
"1910"	"sim25429"	"GENE396"
"1911"	"sim25431"	"GENE397"
"1912"	"sim25436"	"GENE398"
"1913"	"sim25437"	"GENE399"
"1914"	"sim25438"	"GENE400"
"1915"	"sim25439"	"GENE401"
"1916"	"sim25440"	"GENE402"
"1917"	"sim25443"	"GENE403"
"1918"	"sim25444"	"GENE404"
"1919"	"sim25445"	"GENE405"
"1920"	"sim25447"	"GENE406"
"1921"	"sim25452"	"GENE407"
"1922"	"sim25453"	"GENE408"
"1923"	"sim25455"	"GENE409"
"1924"	"sim25456"	"GENE410"
"1925"	"sim25457"	"GENE411"
"1926"	"sim25458"	"GENE412"
"1927"	"sim25462"	"GENE413"
"1928"	"sim25464"	"GENE414"
"1929"	"sim25467"	"GENE415"
"1930"	"sim25468"	"GENE416"
"1931"	"sim25476"	"GENE417"
"1932"	"sim25478"	"GENE418"
"1933"	"sim25479"	"GENE419"
"1934"	"sim25482"	"GENE420"
"1935"	"sim25483"	"GENE421"
"1936"	"sim25488"	"GENE422"
"1937"	"sim25489"	"GENE423"
"1938"	"sim25491"	"GENE424"
"1939"	"sim25495"	"GENE425"
"1940"	"sim25497"	"GENE426"
"1941"	"sim25498"	"GENE427"
"1942"	"sim25500"	"GENE428"
"1943"	"sim25501"	"GENE429"
"1944"	"sim25506"	"GENE430"
"1945"	"sim25507"	"GENE431"
"1946"	"sim25519"	"GENE432"
"1947"	"sim25520"	"GENE433"
"1948"	"sim25523"	"GENE434"
"1949"	"sim25524"	"GENE435"
"1950"	"sim25530"	"GENE436"
"1951"	"sim25532"	"GENE437"
"1952"	"sim25533"	"GENE438"
"1953"	"sim25537"	"GENE439"
"1954"	"sim25539"	"GENE440"
"1955"	"sim25546"	"GENE441"
"1956"	"sim25549"	"GENE442"
"1957"	"sim25553"	"GENE443"
"1958"	"sim25558"	"GENE444"
"1959"	"sim25559"	"GENE445"
"1960"	"sim25561"	"GENE446"
"1961"	"sim25562"	"GENE447"
"1962"	"sim25563"	"GENE448"
"1963"	"sim25564"	"GENE449"
"1964"	"sim25565"	"GENE450"
"1965"	"sim25567"	"GENE451"
"1966"	"sim25570"	"GENE452"
"1967"	"sim25573"	"GENE453"
"1968"	"sim25574"	"GENE454"
"1969"	"sim25576"	"GENE455"
"1970"	"sim25579"	"GENE456"
"1971"	"sim25580"	"GENE457"
"1972"	"sim25581"	"GENE458"
"1973"	"sim25583"	"GENE459"
"1974"	"sim25584"	"GENE460"
"1975"	"sim25586"	"GENE461"
"1976"	"sim25587"	"GENE462"
"1977"	"sim25588"	"GENE463"
"1978"	"sim25591"	"GENE464"
"1979"	"sim25595"	"GENE465"
"1980"	"sim25604"	"GENE466"
"1981"	"sim25616"	"GENE467"
"1982"	"sim25619"	"GENE468"
"1983"	"sim25621"	"GENE469"
"1984"	"sim25623"	"GENE470"
"1985"	"sim25625"	"GENE471"
"1986"	"sim25626"	"GENE472"
"1987"	"sim25631"	"GENE473"
"1988"	"sim25632"	"GENE474"
"1989"	"sim25634"	"GENE475"
"1990"	"sim25635"	"GENE476"
"1991"	"sim25639"	"GENE477"
"1992"	"sim25646"	"GENE478"
"1993"	"sim25649"	"GENE479"
"1994"	"sim25655"	"GENE480"
"1995"	"sim25663"	"GENE481"
"1996"	"sim25664"	"GENE482"
"1997"	"sim25665"	"GENE483"
"1998"	"sim25667"	"GENE484"
"1999"	"sim25668"	"GENE485"
"2000"	"sim25677"	"GENE486"
"2001"	"sim25683"	"GENE487"
"2002"	"sim25686"	"GENE488"
"2003"	"sim25689"	"GENE489"
"2004"	"sim25693"	"GENE490"
"2005"	"sim25694"	"GENE491"
"2006"	"sim25698"	"GENE492"
"2007"	"sim25700"	"GENE493"
"2008"	"sim25703"	"GENE494"
"2009"	"sim25711"	"GENE495"
"2010"	"sim25717"	"GENE496"
"2011"	"sim25718"	"GENE497"
"2012"	"sim25734"	"GENE498"
"2013"	"sim25736"	"GENE499"
"2014"	"sim25737"	"GENE500"
"2015"	"sim25738"	"GENE501"
"2016"	"sim25740"	"GENE502"
"2017"	"sim25748"	"GENE503"
"2018"	"sim25752"	"GENE504"
"2019"	"sim25757"	"GENE505"
"2020"	"sim25760"	"GENE506"
"2021"	"sim25771"	"GENE507"
"2022"	"sim25782"	"GENE508"
"2023"	"sim25787"	"GENE509"
"2024"	"sim25788"	"GENE510"
"2025"	"sim25790"	"GENE511"
"2026"	"sim25793"	"GENE512"
"2027"	"sim25794"	"GENE513"
"2028"	"sim25800"	"GENE514"
"2029"	"sim25818"	"GENE515"
"2030"	"sim25835"	"GENE516"
"2031"	"sim25842"	"GENE517"
"2032"	"sim25845"	"GENE518"
"2033"	"sim25853"	"GENE519"
"2034"	"sim25854"	"GENE520"
"2035"	"sim25859"	"GENE521"
"2036"	"sim25862"	"GENE522"
"2037"	"sim25866"	"GENE523"
"2038"	"sim25869"	"GENE524"
"2039"	"sim25872"	"GENE525"
"2040"	"sim25878"	"GENE526"
"2041"	"sim25884"	"GENE527"
"2042"	"sim25888"	"GENE528"
"2043"	"sim25902"	"GENE529"
"2044"	"sim25914"	"GENE530"
"2045"	"sim25923"	"GENE531"
"2046"	"sim25932"	"GENE532"
"2047"	"sim25937"	"GENE533"
"2048"	"sim25938"	"GENE534"
"2049"	"sim25941"	"GENE535"
"2050"	"sim25948"	"GENE536"
"2051"	"sim25959"	"GENE537"
"2052"	"sim25960"	"GENE538"
"2053"	"sim25961"	"GENE539"
"2054"	"sim25968"	"GENE540"
"2055"	"sim25975"	"GENE541"
"2056"	"sim25976"	"GENE542"
"2057"	"sim25993"	"GENE543"
"2058"	"sim25997"	"GENE544"
"2059"	"sim25999"	"GENE545"
"2060"	"sim26001"	"GENE546"
"2061"	"sim26008"	"GENE547"
"2062"	"sim26009"	"GENE548"
"2063"	"sim26011"	"GENE549"
"2064"	"sim26013"	"GENE550"
"2065"	"sim26016"	"GENE551"
"2066"	"sim26042"	"GENE552"
"2067"	"sim26052"	"GENE553"
"2068"	"sim26068"	"GENE554"
"2069"	"sim26073"	"GENE555"
"2070"	"sim26083"	"GENE556"
"2071"	"sim26093"	"GENE557"
"2072"	"sim26096"	"GENE558"
"2073"	"sim26107"	"GENE559"
"2074"	"sim26110"	"GENE560"
"2075"	"sim26114"	"GENE561"
"2076"	"sim26119"	"GENE562"
"2077"	"sim26121"	"GENE563"
"2078"	"sim26133"	"GENE564"
"2079"	"sim26134"	"GENE565"
"2080"	"sim26139"	"GENE566"
"2081"	"sim26145"	"GENE567"
"2082"	"sim26147"	"GENE568"
"2083"	"sim26152"	"GENE569"
"2084"	"sim26157"	"GENE570"
"2085"	"sim26169"	"GENE571"
"2086"	"sim26175"	"GENE572"
"2087"	"sim26181"	"GENE573"
"2088"	"sim26194"	"GENE574"
"2089"	"sim26204"	"GENE575"
"2090"	"sim26230"	"GENE576"
"2091"	"sim26245"	"GENE577"
"2092"	"sim26265"	"GENE578"
"2093"	"sim26290"	"GENE579"
"2094"	"sim26297"	"GENE580"
"2095"	"sim26309"	"GENE581"
"2096"	"sim26314"	"GENE582"
"2097"	"sim26333"	"GENE583"
"2098"	"sim26346"	"GENE584"
"2099"	"sim26349"	"GENE585"
"2100"	"sim26356"	"GENE586"
"2101"	"sim26358"	"GENE587"
"2102"	"sim26364"	"GENE588"
"2103"	"sim26375"	"GENE589"
"2104"	"sim26385"	"GENE590"
"2105"	"sim26396"	"GENE591"
"2106"	"sim26397"	"GENE592"
"2107"	"sim26413"	"GENE593"
"2108"	"sim26420"	"GENE594"
"2109"	"sim26435"	"GENE595"
"2110"	"sim26436"	"GENE596"
"2111"	"sim26438"	"GENE597"
"2112"	"sim26460"	"GENE598"
"2113"	"sim26471"	"GENE599"
"2114"	"sim26479"	"GENE600"
"2115"	"sim26480"	"GENE601"
"2116"	"sim26481"	"GENE602"
"2117"	"sim26499"	"GENE603"
"2118"	"sim26510"	"GENE604"
"2119"	"sim26529"	"GENE605"
"2120"	"sim26563"	"GENE606"
"2121"	"sim26576"	"GENE607"
"2122"	"sim26591"	"GENE608"
"2123"	"sim26593"	"GENE609"
"2124"	"sim26613"	"GENE610"
"2125"	"sim26628"	"GENE611"
"2126"	"sim26634"	"GENE612"
"2127"	"sim26636"	"GENE613"
"2128"	"sim26647"	"GENE614"
"2129"	"sim26648"	"GENE615"
"2130"	"sim26654"	"GENE616"
"2131"	"sim26677"	"GENE617"
"2132"	"sim26682"	"GENE618"
"2133"	"sim26688"	"GENE619"
"2134"	"sim26708"	"GENE620"
"2135"	"sim26712"	"GENE621"
"2136"	"sim26736"	"GENE622"
"2137"	"sim26741"	"GENE623"
"2138"	"sim26775"	"GENE624"
"2139"	"sim26783"	"GENE625"
"2140"	"sim26788"	"GENE626"
"2141"	"sim26789"	"GENE627"
"2142"	"sim26796"	"GENE628"
"2143"	"sim26797"	"GENE629"
"2144"	"sim26856"	"GENE630"
"2145"	"sim26926"	"GENE631"
"2146"	"sim26930"	"GENE632"
"2147"	"sim26934"	"GENE633"
"2148"	"sim26959"	"GENE634"
"2149"	"sim26967"	"GENE635"
"2150"	"sim26968"	"GENE636"
"2151"	"sim26992"	"GENE637"
"2152"	"sim27037"	"GENE638"
"2153"	"sim27224"	"GENE639"
"2154"	"sim27264"	"GENE640"
"2155"	"sim27289"	"GENE641"
"2156"	"sim27302"	"GENE642"
"2157"	"sim27319"	"GENE643"
"2158"	"sim27327"	"GENE644"
"2159"	"sim27363"	"GENE645"
"2160"	"sim27380"	"GENE646"
"2161"	"sim27390"	"GENE647"
"2162"	"sim27406"	"GENE648"
"2163"	"sim27434"	"GENE649"
"2164"	"sim27454"	"GENE650"
"2165"	"sim27509"	"GENE651"
"2166"	"sim27594"	"GENE652"
"2167"	"sim27604"	"GENE653"
"2168"	"sim27608"	"GENE654"
"2169"	"sim27635"	"GENE655"
"2170"	"sim27668"	"GENE656"
"2171"	"sim27678"	"GENE657"
"2172"	"sim27689"	"GENE658"
"2173"	"sim27696"	"GENE659"
"2174"	"sim27700"	"GENE660"
"2175"	"sim27702"	"GENE661"
"2176"	"sim27705"	"GENE662"
"2177"	"sim27717"	"GENE663"
"2178"	"sim27735"	"GENE664"
"2179"	"sim27746"	"GENE665"
"2180"	"sim27757"	"GENE666"
"2181"	"sim27769"	"GENE667"
"2182"	"sim27801"	"GENE668"
"2183"	"sim27847"	"GENE669"
"2184"	"sim27930"	"GENE670"
"2185"	"sim27932"	"GENE671"
"2186"	"sim28006"	"GENE672"
"2187"	"sim28026"	"GENE673"
"2188"	"sim28038"	"GENE674"
"2189"	"sim28045"	"GENE675"
"2190"	"sim28078"	"GENE676"
"2191"	"sim28105"	"GENE677"
"2192"	"sim28241"	"GENE678"
"2193"	"sim28377"	"GENE679"
"2194"	"sim28396"	"GENE680"
"2195"	"sim28436"	"GENE681"
"2196"	"sim28449"	"GENE682"
"2197"	"sim28499"	"GENE683"
"2198"	"sim28508"	"GENE684"
"2199"	"sim28585"	"GENE685"
"2200"	"sim28596"	"GENE686"
"2201"	"sim28607"	"GENE687"
"2202"	"sim28750"	"GENE688"
"2203"	"sim28752"	"GENE689"
"2204"	"sim28753"	"GENE690"
"2205"	"sim28776"	"GENE691"
"2206"	"sim28819"	"GENE692"
"2207"	"sim28884"	"GENE693"
"2208"	"sim28958"	"GENE694"
"2209"	"sim29032"	"GENE695"
"2210"	"sim29164"	"GENE696"
"2211"	"sim29238"	"GENE697"
"2212"	"sim29297"	"GENE698"
"2213"	"sim29332"	"GENE699"
"2214"	"sim29361"	"GENE700"
"2215"	"sim29492"	"GENE701"
"2216"	"sim29666"	"GENE702"
"2217"	"sim29698"	"GENE703"
"2218"	"sim29757"	"GENE704"
"2219"	"sim29779"	"GENE705"
"2220"	"sim29840"	"GENE706"
"2221"	"sim29955"	"GENE707"
"2222"	"sim30031"	"GENE708"
"2223"	"sim30135"	"GENE709"
"2224"	"sim30202"	"GENE710"
"2225"	"sim30272"	"GENE711"
"2226"	"sim30278"	"GENE712"
"2227"	"sim30286"	"GENE713"
"2228"	"sim30372"	"GENE714"
"2229"	"sim30433"	"GENE715"
"2230"	"sim30435"	"GENE716"
"2231"	"sim30452"	"GENE717"
"2232"	"sim30464"	"GENE718"
"2233"	"sim30493"	"GENE719"
"2234"	"sim30547"	"GENE720"
"2235"	"sim30627"	"GENE721"
"2236"	"sim30628"	"GENE722"
"2237"	"sim30651"	"GENE723"
"2238"	"sim30680"	"GENE724"
"2239"	"sim30700"	"GENE725"
"2240"	"sim30730"	"GENE726"
"2241"	"sim30734"	"GENE727"
"2242"	"sim30755"	"GENE728"
"2243"	"sim30929"	"GENE729"
"2244"	"sim30994"	"GENE730"
"2245"	"sim31029"	"GENE731"
"2246"	"sim31033"	"GENE732"
"2247"	"sim31065"	"GENE733"
"2248"	"sim31067"	"GENE734"
"2249"	"sim31072"	"GENE735"
"2250"	"sim32479"	"GENE736"
"2251"	"sim33441"	"GENE737"
"2252"	"sim34659"	"GENE738"
"2253"	"sim37636"	"GENE739"
"2254"	"sim37905"	"GENE740"
"2255"	"sim38246"	"GENE741"
"2256"	"sim38249"	"GENE742"
"2257"	"sim38337"	"GENE743"
"2258"	"sim38387"	"GENE744"
"2259"	"sim38683"	"GENE745"
"2260"	"sim39253"	"GENE746"
"2261"	"sim39474"	"GENE747"
"2262"	"sim39675"	"GENE748"
"2263"	"sim40115"	"GENE749"
"2264"	"sim40193"	"GENE750"
"2265"	"sim40435"	"GENE751"
"2266"	"sim40832"	"GENE752"
"2267"	"sim41213"	"GENE753"
"2268"	"sim42316"	"GENE754"
"2269"	"sim42993"	"GENE755"
"2270"	"sim43018"	"GENE756"
"2271"	"sim43341"	"GENE757"
